BEGIN TRANSACTION;

CREATE TABLE generacion (
  id INTEGER PRIMARY KEY AUTOINCREMENT,
  nombre TEXT NOT NULL UNIQUE,
  created_at DATETIME DEFAULT CURRENT_TIMESTAMP
);

CREATE TABLE tipos (
  id INTEGER PRIMARY KEY AUTOINCREMENT,
  nombre TEXT NOT NULL UNIQUE,
  created_at DATETIME DEFAULT CURRENT_TIMESTAMP
);

CREATE TABLE pokemons (
  id INTEGER PRIMARY KEY AUTOINCREMENT,
  nombre TEXT NOT NULL UNIQUE,
  generacion_id INTEGER NOT NULL,
  created_at DATETIME DEFAULT CURRENT_TIMESTAMP,
  FOREIGN KEY (generacion_id) REFERENCES generacion(id) ON DELETE CASCADE
);

CREATE TABLE pokemon_tipo (
  id INTEGER PRIMARY KEY AUTOINCREMENT,
  pokemon_id INTEGER NOT NULL,
  tipo_id INTEGER NOT NULL,
  created_at DATETIME DEFAULT CURRENT_TIMESTAMP,
  FOREIGN KEY (pokemon_id) REFERENCES pokemons(id) ON DELETE CASCADE,
  FOREIGN KEY (tipo_id) REFERENCES tipos(id) ON DELETE CASCADE,
  UNIQUE(pokemon_id, tipo_id)
);

INSERT INTO generacion VALUES(1,'Kanto','2026-02-12 18:34:48');
INSERT INTO generacion VALUES(2,'Johto','2026-02-12 18:34:48');
INSERT INTO generacion VALUES(3,'Hoenn','2026-02-12 18:34:48');
INSERT INTO tipos VALUES(1,'Normal','2026-02-12 18:34:48');
INSERT INTO tipos VALUES(2,'Fuego','2026-02-12 18:34:48');
INSERT INTO tipos VALUES(3,'Agua','2026-02-12 18:34:48');
INSERT INTO tipos VALUES(4,'Planta','2026-02-12 18:34:48');
INSERT INTO tipos VALUES(5,'Eléctrico','2026-02-12 18:34:48');
INSERT INTO tipos VALUES(6,'Hielo','2026-02-12 18:34:48');
INSERT INTO tipos VALUES(7,'Lucha','2026-02-12 18:34:48');
INSERT INTO tipos VALUES(8,'Veneno','2026-02-12 18:34:48');
INSERT INTO tipos VALUES(9,'Tierra','2026-02-12 18:34:48');
INSERT INTO tipos VALUES(10,'Volador','2026-02-12 18:34:48');
INSERT INTO tipos VALUES(11,'Psíquico','2026-02-12 18:34:48');
INSERT INTO tipos VALUES(12,'Bicho','2026-02-12 18:34:48');
INSERT INTO tipos VALUES(13,'Roca','2026-02-12 18:34:48');
INSERT INTO tipos VALUES(14,'Fantasma','2026-02-12 18:34:48');
INSERT INTO tipos VALUES(15,'Dragón','2026-02-12 18:34:48');
INSERT INTO tipos VALUES(16,'Siniestro','2026-02-12 18:34:48');
INSERT INTO tipos VALUES(17,'Acero','2026-02-12 18:34:48');
INSERT INTO tipos VALUES(18,'Hada','2026-02-12 18:34:48');
INSERT INTO pokemons VALUES(1,'Bulbasaur',1,'2026-02-12 18:34:48');
INSERT INTO pokemons VALUES(2,'Ivysaur',1,'2026-02-12 18:34:48');
INSERT INTO pokemons VALUES(3,'Venusaur',1,'2026-02-12 18:34:48');
INSERT INTO pokemons VALUES(4,'Charmander',1,'2026-02-12 18:34:48');
INSERT INTO pokemons VALUES(5,'Charmeleon',1,'2026-02-12 18:34:48');
INSERT INTO pokemons VALUES(6,'Charizard',1,'2026-02-12 18:34:48');
INSERT INTO pokemons VALUES(7,'Squirtle',1,'2026-02-12 18:34:48');
INSERT INTO pokemons VALUES(8,'Wartortle',1,'2026-02-12 18:34:48');
INSERT INTO pokemons VALUES(9,'Blastoise',1,'2026-02-12 18:34:48');
INSERT INTO pokemons VALUES(10,'Caterpie',1,'2026-02-12 18:34:48');
INSERT INTO pokemons VALUES(11,'Metapod',1,'2026-02-12 18:34:48');
INSERT INTO pokemons VALUES(12,'Butterfree',1,'2026-02-12 18:34:48');
INSERT INTO pokemons VALUES(13,'Weedle',1,'2026-02-12 18:34:48');
INSERT INTO pokemons VALUES(14,'Kakuna',1,'2026-02-12 18:34:48');
INSERT INTO pokemons VALUES(15,'Beedrill',1,'2026-02-12 18:34:48');
INSERT INTO pokemons VALUES(16,'Pidgey',1,'2026-02-12 18:34:48');
INSERT INTO pokemons VALUES(17,'Pidgeotto',1,'2026-02-12 18:34:48');
INSERT INTO pokemons VALUES(18,'Pidgeot',1,'2026-02-12 18:34:48');
INSERT INTO pokemons VALUES(19,'Rattata',1,'2026-02-12 18:34:48');
INSERT INTO pokemons VALUES(20,'Raticate',1,'2026-02-12 18:34:48');
INSERT INTO pokemons VALUES(21,'Spearow',1,'2026-02-12 18:34:48');
INSERT INTO pokemons VALUES(22,'Fearow',1,'2026-02-12 18:34:48');
INSERT INTO pokemons VALUES(23,'Ekans',1,'2026-02-12 18:34:48');
INSERT INTO pokemons VALUES(24,'Arbok',1,'2026-02-12 18:34:48');
INSERT INTO pokemons VALUES(25,'Pikachu',1,'2026-02-12 18:34:48');
INSERT INTO pokemons VALUES(26,'Raichu',1,'2026-02-12 18:34:48');
INSERT INTO pokemons VALUES(27,'Sandshrew',1,'2026-02-12 18:34:48');
INSERT INTO pokemons VALUES(28,'Sandslash',1,'2026-02-12 18:34:48');
INSERT INTO pokemons VALUES(29,'Nidoran♀',1,'2026-02-12 18:34:48');
INSERT INTO pokemons VALUES(30,'Nidorina',1,'2026-02-12 18:34:48');
INSERT INTO pokemons VALUES(31,'Nidoqueen',1,'2026-02-12 18:34:48');
INSERT INTO pokemons VALUES(32,'Nidoran♂',1,'2026-02-12 18:34:48');
INSERT INTO pokemons VALUES(33,'Nidorino',1,'2026-02-12 18:34:48');
INSERT INTO pokemons VALUES(34,'Nidoking',1,'2026-02-12 18:34:48');
INSERT INTO pokemons VALUES(35,'Clefairy',1,'2026-02-12 18:34:48');
INSERT INTO pokemons VALUES(36,'Clefable',1,'2026-02-12 18:34:48');
INSERT INTO pokemons VALUES(37,'Vulpix',1,'2026-02-12 18:34:48');
INSERT INTO pokemons VALUES(38,'Ninetales',1,'2026-02-12 18:34:48');
INSERT INTO pokemons VALUES(39,'Jigglypuff',1,'2026-02-12 18:34:48');
INSERT INTO pokemons VALUES(40,'Wigglytuff',1,'2026-02-12 18:34:48');
INSERT INTO pokemons VALUES(41,'Zubat',1,'2026-02-12 18:34:48');
INSERT INTO pokemons VALUES(42,'Golbat',1,'2026-02-12 18:34:48');
INSERT INTO pokemons VALUES(43,'Oddish',1,'2026-02-12 18:34:48');
INSERT INTO pokemons VALUES(44,'Gloom',1,'2026-02-12 18:34:48');
INSERT INTO pokemons VALUES(45,'Vileplume',1,'2026-02-12 18:34:48');
INSERT INTO pokemons VALUES(46,'Paras',1,'2026-02-12 18:34:48');
INSERT INTO pokemons VALUES(47,'Parasect',1,'2026-02-12 18:34:48');
INSERT INTO pokemons VALUES(48,'Venonat',1,'2026-02-12 18:34:48');
INSERT INTO pokemons VALUES(49,'Venomoth',1,'2026-02-12 18:34:48');
INSERT INTO pokemons VALUES(50,'Diglett',1,'2026-02-12 18:34:48');
INSERT INTO pokemons VALUES(51,'Dugtrio',1,'2026-02-12 18:34:48');
INSERT INTO pokemons VALUES(52,'Meowth',1,'2026-02-12 18:34:48');
INSERT INTO pokemons VALUES(53,'Persian',1,'2026-02-12 18:34:48');
INSERT INTO pokemons VALUES(54,'Psyduck',1,'2026-02-12 18:34:48');
INSERT INTO pokemons VALUES(55,'Golduck',1,'2026-02-12 18:34:48');
INSERT INTO pokemons VALUES(56,'Mankey',1,'2026-02-12 18:34:48');
INSERT INTO pokemons VALUES(57,'Primeape',1,'2026-02-12 18:34:48');
INSERT INTO pokemons VALUES(58,'Growlithe',1,'2026-02-12 18:34:48');
INSERT INTO pokemons VALUES(59,'Arcanine',1,'2026-02-12 18:34:48');
INSERT INTO pokemons VALUES(60,'Poliwag',1,'2026-02-12 18:34:48');
INSERT INTO pokemons VALUES(61,'Poliwhirl',1,'2026-02-12 18:34:48');
INSERT INTO pokemons VALUES(62,'Poliwrath',1,'2026-02-12 18:34:48');
INSERT INTO pokemons VALUES(63,'Abra',1,'2026-02-12 18:34:48');
INSERT INTO pokemons VALUES(64,'Kadabra',1,'2026-02-12 18:34:48');
INSERT INTO pokemons VALUES(65,'Alakazam',1,'2026-02-12 18:34:48');
INSERT INTO pokemons VALUES(66,'Machop',1,'2026-02-12 18:34:48');
INSERT INTO pokemons VALUES(67,'Machoke',1,'2026-02-12 18:34:48');
INSERT INTO pokemons VALUES(68,'Machamp',1,'2026-02-12 18:34:48');
INSERT INTO pokemons VALUES(69,'Bellsprout',1,'2026-02-12 18:34:48');
INSERT INTO pokemons VALUES(70,'Weepinbell',1,'2026-02-12 18:34:48');
INSERT INTO pokemons VALUES(71,'Victreebel',1,'2026-02-12 18:34:48');
INSERT INTO pokemons VALUES(72,'Tentacool',1,'2026-02-12 18:34:48');
INSERT INTO pokemons VALUES(73,'Tentacruel',1,'2026-02-12 18:34:48');
INSERT INTO pokemons VALUES(74,'Geodude',1,'2026-02-12 18:34:48');
INSERT INTO pokemons VALUES(75,'Graveler',1,'2026-02-12 18:34:48');
INSERT INTO pokemons VALUES(76,'Golem',1,'2026-02-12 18:34:48');
INSERT INTO pokemons VALUES(77,'Ponyta',1,'2026-02-12 18:34:48');
INSERT INTO pokemons VALUES(78,'Rapidash',1,'2026-02-12 18:34:48');
INSERT INTO pokemons VALUES(79,'Slowpoke',1,'2026-02-12 18:34:48');
INSERT INTO pokemons VALUES(80,'Slowbro',1,'2026-02-12 18:34:48');
INSERT INTO pokemons VALUES(81,'Magnemite',1,'2026-02-12 18:34:48');
INSERT INTO pokemons VALUES(82,'Magneton',1,'2026-02-12 18:34:48');
INSERT INTO pokemons VALUES(83,'Farfetchd',1,'2026-02-12 18:34:48');
INSERT INTO pokemons VALUES(84,'Doduo',1,'2026-02-12 18:34:48');
INSERT INTO pokemons VALUES(85,'Dodrio',1,'2026-02-12 18:34:48');
INSERT INTO pokemons VALUES(86,'Seel',1,'2026-02-12 18:34:48');
INSERT INTO pokemons VALUES(87,'Dewgong',1,'2026-02-12 18:34:48');
INSERT INTO pokemons VALUES(88,'Grimer',1,'2026-02-12 18:34:48');
INSERT INTO pokemons VALUES(89,'Muk',1,'2026-02-12 18:34:48');
INSERT INTO pokemons VALUES(90,'Shellder',1,'2026-02-12 18:34:48');
INSERT INTO pokemons VALUES(91,'Cloyster',1,'2026-02-12 18:34:48');
INSERT INTO pokemons VALUES(92,'Gastly',1,'2026-02-12 18:34:48');
INSERT INTO pokemons VALUES(93,'Haunter',1,'2026-02-12 18:34:48');
INSERT INTO pokemons VALUES(94,'Gengar',1,'2026-02-12 18:34:48');
INSERT INTO pokemons VALUES(95,'Onix',1,'2026-02-12 18:34:48');
INSERT INTO pokemons VALUES(96,'Drowzee',1,'2026-02-12 18:34:48');
INSERT INTO pokemons VALUES(97,'Hypno',1,'2026-02-12 18:34:48');
INSERT INTO pokemons VALUES(98,'Krabby',1,'2026-02-12 18:34:48');
INSERT INTO pokemons VALUES(99,'Kingler',1,'2026-02-12 18:34:48');
INSERT INTO pokemons VALUES(100,'Voltorb',1,'2026-02-12 18:34:48');
INSERT INTO pokemons VALUES(101,'Electrode',1,'2026-02-12 18:34:48');
INSERT INTO pokemons VALUES(102,'Exeggcute',1,'2026-02-12 18:34:48');
INSERT INTO pokemons VALUES(103,'Exeggutor',1,'2026-02-12 18:34:48');
INSERT INTO pokemons VALUES(104,'Cubone',1,'2026-02-12 18:34:48');
INSERT INTO pokemons VALUES(105,'Marowak',1,'2026-02-12 18:34:48');
INSERT INTO pokemons VALUES(106,'Hitmonlee',1,'2026-02-12 18:34:48');
INSERT INTO pokemons VALUES(107,'Hitmonchan',1,'2026-02-12 18:34:48');
INSERT INTO pokemons VALUES(108,'Lickitung',1,'2026-02-12 18:34:48');
INSERT INTO pokemons VALUES(109,'Koffing',1,'2026-02-12 18:34:48');
INSERT INTO pokemons VALUES(110,'Weezing',1,'2026-02-12 18:34:48');
INSERT INTO pokemons VALUES(111,'Rhyhorn',1,'2026-02-12 18:34:48');
INSERT INTO pokemons VALUES(112,'Rhydon',1,'2026-02-12 18:34:48');
INSERT INTO pokemons VALUES(113,'Chansey',1,'2026-02-12 18:34:48');
INSERT INTO pokemons VALUES(114,'Tangela',1,'2026-02-12 18:34:48');
INSERT INTO pokemons VALUES(115,'Kangaskhan',1,'2026-02-12 18:34:48');
INSERT INTO pokemons VALUES(116,'Horsea',1,'2026-02-12 18:34:48');
INSERT INTO pokemons VALUES(117,'Seadra',1,'2026-02-12 18:34:48');
INSERT INTO pokemons VALUES(118,'Goldeen',1,'2026-02-12 18:34:48');
INSERT INTO pokemons VALUES(119,'Seaking',1,'2026-02-12 18:34:48');
INSERT INTO pokemons VALUES(120,'Staryu',1,'2026-02-12 18:34:48');
INSERT INTO pokemons VALUES(121,'Starmie',1,'2026-02-12 18:34:48');
INSERT INTO pokemons VALUES(122,'Mr. Mime',1,'2026-02-12 18:34:48');
INSERT INTO pokemons VALUES(123,'Scyther',1,'2026-02-12 18:34:48');
INSERT INTO pokemons VALUES(124,'Jynx',1,'2026-02-12 18:34:48');
INSERT INTO pokemons VALUES(125,'Electabuzz',1,'2026-02-12 18:34:48');
INSERT INTO pokemons VALUES(126,'Magmar',1,'2026-02-12 18:34:48');
INSERT INTO pokemons VALUES(127,'Pinsir',1,'2026-02-12 18:34:48');
INSERT INTO pokemons VALUES(128,'Tauros',1,'2026-02-12 18:34:48');
INSERT INTO pokemons VALUES(129,'Magikarp',1,'2026-02-12 18:34:48');
INSERT INTO pokemons VALUES(130,'Gyarados',1,'2026-02-12 18:34:48');
INSERT INTO pokemons VALUES(131,'Lapras',1,'2026-02-12 18:34:48');
INSERT INTO pokemons VALUES(132,'Ditto',1,'2026-02-12 18:34:48');
INSERT INTO pokemons VALUES(133,'Eevee',1,'2026-02-12 18:34:48');
INSERT INTO pokemons VALUES(134,'Vaporeon',1,'2026-02-12 18:34:48');
INSERT INTO pokemons VALUES(135,'Jolteon',1,'2026-02-12 18:34:48');
INSERT INTO pokemons VALUES(136,'Flareon',1,'2026-02-12 18:34:48');
INSERT INTO pokemons VALUES(137,'Porygon',1,'2026-02-12 18:34:48');
INSERT INTO pokemons VALUES(138,'Omanyte',1,'2026-02-12 18:34:48');
INSERT INTO pokemons VALUES(139,'Omastar',1,'2026-02-12 18:34:48');
INSERT INTO pokemons VALUES(140,'Kabuto',1,'2026-02-12 18:34:48');
INSERT INTO pokemons VALUES(141,'Kabutops',1,'2026-02-12 18:34:48');
INSERT INTO pokemons VALUES(142,'Aerodactyl',1,'2026-02-12 18:34:48');
INSERT INTO pokemons VALUES(143,'Snorlax',1,'2026-02-12 18:34:48');
INSERT INTO pokemons VALUES(144,'Articuno',1,'2026-02-12 18:34:48');
INSERT INTO pokemons VALUES(145,'Zapdos',1,'2026-02-12 18:34:48');
INSERT INTO pokemons VALUES(146,'Moltres',1,'2026-02-12 18:34:48');
INSERT INTO pokemons VALUES(147,'Dratini',1,'2026-02-12 18:34:48');
INSERT INTO pokemons VALUES(148,'Dragonair',1,'2026-02-12 18:34:48');
INSERT INTO pokemons VALUES(149,'Dragonite',1,'2026-02-12 18:34:48');
INSERT INTO pokemons VALUES(150,'Mewtwo',1,'2026-02-12 18:34:48');
INSERT INTO pokemons VALUES(151,'Mew',1,'2026-02-12 18:34:48');
INSERT INTO pokemons VALUES(152,'Chikorita',2,'2026-02-12 18:34:48');
INSERT INTO pokemons VALUES(153,'Bayleef',2,'2026-02-12 18:34:48');
INSERT INTO pokemons VALUES(154,'Meganium',2,'2026-02-12 18:34:48');
INSERT INTO pokemons VALUES(155,'Cyndaquil',2,'2026-02-12 18:34:48');
INSERT INTO pokemons VALUES(156,'Quilava',2,'2026-02-12 18:34:48');
INSERT INTO pokemons VALUES(157,'Typhlosion',2,'2026-02-12 18:34:48');
INSERT INTO pokemons VALUES(158,'Totodile',2,'2026-02-12 18:34:48');
INSERT INTO pokemons VALUES(159,'Croconaw',2,'2026-02-12 18:34:48');
INSERT INTO pokemons VALUES(160,'Feraligatr',2,'2026-02-12 18:34:48');
INSERT INTO pokemons VALUES(161,'Sentret',2,'2026-02-12 18:34:48');
INSERT INTO pokemons VALUES(162,'Furret',2,'2026-02-12 18:34:48');
INSERT INTO pokemons VALUES(163,'Hoothoot',2,'2026-02-12 18:34:48');
INSERT INTO pokemons VALUES(164,'Noctowl',2,'2026-02-12 18:34:48');
INSERT INTO pokemons VALUES(165,'Ledyba',2,'2026-02-12 18:34:48');
INSERT INTO pokemons VALUES(166,'Ledian',2,'2026-02-12 18:34:48');
INSERT INTO pokemons VALUES(167,'Spinarak',2,'2026-02-12 18:34:48');
INSERT INTO pokemons VALUES(168,'Ariados',2,'2026-02-12 18:34:48');
INSERT INTO pokemons VALUES(169,'Crobat',2,'2026-02-12 18:34:48');
INSERT INTO pokemons VALUES(170,'Chinchou',2,'2026-02-12 18:34:48');
INSERT INTO pokemons VALUES(171,'Lanturn',2,'2026-02-12 18:34:48');
INSERT INTO pokemons VALUES(172,'Pichu',2,'2026-02-12 18:34:48');
INSERT INTO pokemons VALUES(173,'Cleffa',2,'2026-02-12 18:34:48');
INSERT INTO pokemons VALUES(174,'Igglybuff',2,'2026-02-12 18:34:48');
INSERT INTO pokemons VALUES(175,'Togepi',2,'2026-02-12 18:34:48');
INSERT INTO pokemons VALUES(176,'Togetic',2,'2026-02-12 18:34:48');
INSERT INTO pokemons VALUES(177,'Natu',2,'2026-02-12 18:34:48');
INSERT INTO pokemons VALUES(178,'Xatu',2,'2026-02-12 18:34:48');
INSERT INTO pokemons VALUES(179,'Mareep',2,'2026-02-12 18:34:48');
INSERT INTO pokemons VALUES(180,'Flaaffy',2,'2026-02-12 18:34:48');
INSERT INTO pokemons VALUES(181,'Ampharos',2,'2026-02-12 18:34:48');
INSERT INTO pokemons VALUES(182,'Bellossom',2,'2026-02-12 18:34:48');
INSERT INTO pokemons VALUES(183,'Marill',2,'2026-02-12 18:34:48');
INSERT INTO pokemons VALUES(184,'Azumarill',2,'2026-02-12 18:34:48');
INSERT INTO pokemons VALUES(185,'Sudowoodo',2,'2026-02-12 18:34:48');
INSERT INTO pokemons VALUES(186,'Politoed',2,'2026-02-12 18:34:48');
INSERT INTO pokemons VALUES(187,'Hoppip',2,'2026-02-12 18:34:48');
INSERT INTO pokemons VALUES(188,'Skiploom',2,'2026-02-12 18:34:48');
INSERT INTO pokemons VALUES(189,'Jumpluff',2,'2026-02-12 18:34:48');
INSERT INTO pokemons VALUES(190,'Aipom',2,'2026-02-12 18:34:48');
INSERT INTO pokemons VALUES(191,'Sunkern',2,'2026-02-12 18:34:48');
INSERT INTO pokemons VALUES(192,'Sunflora',2,'2026-02-12 18:34:48');
INSERT INTO pokemons VALUES(193,'Yanma',2,'2026-02-12 18:34:48');
INSERT INTO pokemons VALUES(194,'Wooper',2,'2026-02-12 18:34:48');
INSERT INTO pokemons VALUES(195,'Quagsire',2,'2026-02-12 18:34:48');
INSERT INTO pokemons VALUES(196,'Espeon',2,'2026-02-12 18:34:48');
INSERT INTO pokemons VALUES(197,'Umbreon',2,'2026-02-12 18:34:48');
INSERT INTO pokemons VALUES(198,'Murkrow',2,'2026-02-12 18:34:48');
INSERT INTO pokemons VALUES(199,'Slowking',2,'2026-02-12 18:34:48');
INSERT INTO pokemons VALUES(200,'Misdreavus',2,'2026-02-12 18:34:48');
INSERT INTO pokemons VALUES(201,'Unown',2,'2026-02-12 18:34:48');
INSERT INTO pokemons VALUES(202,'Wobbuffet',2,'2026-02-12 18:34:48');
INSERT INTO pokemons VALUES(203,'Girafarig',2,'2026-02-12 18:34:48');
INSERT INTO pokemons VALUES(204,'Pineco',2,'2026-02-12 18:34:48');
INSERT INTO pokemons VALUES(205,'Forretress',2,'2026-02-12 18:34:48');
INSERT INTO pokemons VALUES(206,'Dunsparce',2,'2026-02-12 18:34:48');
INSERT INTO pokemons VALUES(207,'Gligar',2,'2026-02-12 18:34:48');
INSERT INTO pokemons VALUES(208,'Steelix',2,'2026-02-12 18:34:48');
INSERT INTO pokemons VALUES(209,'Snubbull',2,'2026-02-12 18:34:48');
INSERT INTO pokemons VALUES(210,'Granbull',2,'2026-02-12 18:34:48');
INSERT INTO pokemons VALUES(211,'Qwilfish',2,'2026-02-12 18:34:48');
INSERT INTO pokemons VALUES(212,'Scizor',2,'2026-02-12 18:34:48');
INSERT INTO pokemons VALUES(213,'Shuckle',2,'2026-02-12 18:34:48');
INSERT INTO pokemons VALUES(214,'Heracross',2,'2026-02-12 18:34:48');
INSERT INTO pokemons VALUES(215,'Sneasel',2,'2026-02-12 18:34:48');
INSERT INTO pokemons VALUES(216,'Teddiursa',2,'2026-02-12 18:34:48');
INSERT INTO pokemons VALUES(217,'Ursaring',2,'2026-02-12 18:34:48');
INSERT INTO pokemons VALUES(218,'Slugma',2,'2026-02-12 18:34:48');
INSERT INTO pokemons VALUES(219,'Magcargo',2,'2026-02-12 18:34:48');
INSERT INTO pokemons VALUES(220,'Swinub',2,'2026-02-12 18:34:48');
INSERT INTO pokemons VALUES(221,'Piloswine',2,'2026-02-12 18:34:48');
INSERT INTO pokemons VALUES(222,'Corsola',2,'2026-02-12 18:34:48');
INSERT INTO pokemons VALUES(223,'Remoraid',2,'2026-02-12 18:34:48');
INSERT INTO pokemons VALUES(224,'Octillery',2,'2026-02-12 18:34:48');
INSERT INTO pokemons VALUES(225,'Delibird',2,'2026-02-12 18:34:48');
INSERT INTO pokemons VALUES(226,'Mantine',2,'2026-02-12 18:34:48');
INSERT INTO pokemons VALUES(227,'Skarmory',2,'2026-02-12 18:34:48');
INSERT INTO pokemons VALUES(228,'Houndour',2,'2026-02-12 18:34:48');
INSERT INTO pokemons VALUES(229,'Houndoom',2,'2026-02-12 18:34:48');
INSERT INTO pokemons VALUES(230,'Kingdra',2,'2026-02-12 18:34:48');
INSERT INTO pokemons VALUES(231,'Phanpy',2,'2026-02-12 18:34:48');
INSERT INTO pokemons VALUES(232,'Donphan',2,'2026-02-12 18:34:48');
INSERT INTO pokemons VALUES(233,'Porygon2',2,'2026-02-12 18:34:48');
INSERT INTO pokemons VALUES(234,'Stantler',2,'2026-02-12 18:34:48');
INSERT INTO pokemons VALUES(235,'Smeargle',2,'2026-02-12 18:34:48');
INSERT INTO pokemons VALUES(236,'Tyrogue',2,'2026-02-12 18:34:48');
INSERT INTO pokemons VALUES(237,'Hitmontop',2,'2026-02-12 18:34:48');
INSERT INTO pokemons VALUES(238,'Smoochum',2,'2026-02-12 18:34:48');
INSERT INTO pokemons VALUES(239,'Elekid',2,'2026-02-12 18:34:48');
INSERT INTO pokemons VALUES(240,'Magby',2,'2026-02-12 18:34:48');
INSERT INTO pokemons VALUES(241,'Miltank',2,'2026-02-12 18:34:48');
INSERT INTO pokemons VALUES(242,'Blissey',2,'2026-02-12 18:34:48');
INSERT INTO pokemons VALUES(243,'Raikou',2,'2026-02-12 18:34:48');
INSERT INTO pokemons VALUES(244,'Entei',2,'2026-02-12 18:34:48');
INSERT INTO pokemons VALUES(245,'Suicune',2,'2026-02-12 18:34:48');
INSERT INTO pokemons VALUES(246,'Larvitar',2,'2026-02-12 18:34:48');
INSERT INTO pokemons VALUES(247,'Pupitar',2,'2026-02-12 18:34:48');
INSERT INTO pokemons VALUES(248,'Tyranitar',2,'2026-02-12 18:34:48');
INSERT INTO pokemons VALUES(249,'Lugia',2,'2026-02-12 18:34:48');
INSERT INTO pokemons VALUES(250,'Ho-Oh',2,'2026-02-12 18:34:48');
INSERT INTO pokemons VALUES(251,'Celebi',2,'2026-02-12 18:34:48');
INSERT INTO pokemons VALUES(252,'Treecko',3,'2026-02-12 18:34:48');
INSERT INTO pokemons VALUES(253,'Grovyle',3,'2026-02-12 18:34:48');
INSERT INTO pokemons VALUES(254,'Sceptile',3,'2026-02-12 18:34:48');
INSERT INTO pokemons VALUES(255,'Torchic',3,'2026-02-12 18:34:48');
INSERT INTO pokemons VALUES(256,'Combusken',3,'2026-02-12 18:34:48');
INSERT INTO pokemons VALUES(257,'Blaziken',3,'2026-02-12 18:34:48');
INSERT INTO pokemons VALUES(258,'Mudkip',3,'2026-02-12 18:34:48');
INSERT INTO pokemons VALUES(259,'Marshtomp',3,'2026-02-12 18:34:48');
INSERT INTO pokemons VALUES(260,'Swampert',3,'2026-02-12 18:34:48');
INSERT INTO pokemons VALUES(261,'Poochyena',3,'2026-02-12 18:34:48');
INSERT INTO pokemons VALUES(262,'Mightyena',3,'2026-02-12 18:34:48');
INSERT INTO pokemons VALUES(263,'Zigzagoon',3,'2026-02-12 18:34:48');
INSERT INTO pokemons VALUES(264,'Linoone',3,'2026-02-12 18:34:48');
INSERT INTO pokemons VALUES(265,'Wurmple',3,'2026-02-12 18:34:48');
INSERT INTO pokemons VALUES(266,'Silcoon',3,'2026-02-12 18:34:48');
INSERT INTO pokemons VALUES(267,'Beautifly',3,'2026-02-12 18:34:48');
INSERT INTO pokemons VALUES(268,'Cascoon',3,'2026-02-12 18:34:48');
INSERT INTO pokemons VALUES(269,'Dustox',3,'2026-02-12 18:34:48');
INSERT INTO pokemons VALUES(270,'Lotad',3,'2026-02-12 18:34:48');
INSERT INTO pokemons VALUES(271,'Lombre',3,'2026-02-12 18:34:48');
INSERT INTO pokemons VALUES(272,'Ludicolo',3,'2026-02-12 18:34:48');
INSERT INTO pokemons VALUES(273,'Seedot',3,'2026-02-12 18:34:48');
INSERT INTO pokemons VALUES(274,'Nuzleaf',3,'2026-02-12 18:34:48');
INSERT INTO pokemons VALUES(275,'Shiftry',3,'2026-02-12 18:34:48');
INSERT INTO pokemons VALUES(276,'Taillow',3,'2026-02-12 18:34:48');
INSERT INTO pokemons VALUES(277,'Swellow',3,'2026-02-12 18:34:48');
INSERT INTO pokemons VALUES(278,'Wingull',3,'2026-02-12 18:34:48');
INSERT INTO pokemons VALUES(279,'Pelipper',3,'2026-02-12 18:34:48');
INSERT INTO pokemons VALUES(280,'Ralts',3,'2026-02-12 18:34:48');
INSERT INTO pokemons VALUES(281,'Kirlia',3,'2026-02-12 18:34:48');
INSERT INTO pokemons VALUES(282,'Gardevoir',3,'2026-02-12 18:34:48');
INSERT INTO pokemons VALUES(283,'Surskit',3,'2026-02-12 18:34:48');
INSERT INTO pokemons VALUES(284,'Masquerain',3,'2026-02-12 18:34:48');
INSERT INTO pokemons VALUES(285,'Shroomish',3,'2026-02-12 18:34:48');
INSERT INTO pokemons VALUES(286,'Breloom',3,'2026-02-12 18:34:48');
INSERT INTO pokemons VALUES(287,'Slakoth',3,'2026-02-12 18:34:48');
INSERT INTO pokemons VALUES(288,'Vigoroth',3,'2026-02-12 18:34:48');
INSERT INTO pokemons VALUES(289,'Slaking',3,'2026-02-12 18:34:48');
INSERT INTO pokemons VALUES(290,'Nincada',3,'2026-02-12 18:34:48');
INSERT INTO pokemons VALUES(291,'Ninjask',3,'2026-02-12 18:34:48');
INSERT INTO pokemons VALUES(292,'Shedinja',3,'2026-02-12 18:34:48');
INSERT INTO pokemons VALUES(293,'Whismur',3,'2026-02-12 18:34:48');
INSERT INTO pokemons VALUES(294,'Loudred',3,'2026-02-12 18:34:48');
INSERT INTO pokemons VALUES(295,'Exploud',3,'2026-02-12 18:34:48');
INSERT INTO pokemons VALUES(296,'Makuhita',3,'2026-02-12 18:34:48');
INSERT INTO pokemons VALUES(297,'Hariyama',3,'2026-02-12 18:34:48');
INSERT INTO pokemons VALUES(298,'Azurill',3,'2026-02-12 18:34:48');
INSERT INTO pokemons VALUES(299,'Nosepass',3,'2026-02-12 18:34:48');
INSERT INTO pokemons VALUES(300,'Skitty',3,'2026-02-12 18:34:48');
INSERT INTO pokemons VALUES(301,'Delcatty',3,'2026-02-12 18:34:48');
INSERT INTO pokemons VALUES(302,'Sableye',3,'2026-02-12 18:34:48');
INSERT INTO pokemons VALUES(303,'Mawile',3,'2026-02-12 18:34:48');
INSERT INTO pokemons VALUES(304,'Aron',3,'2026-02-12 18:34:48');
INSERT INTO pokemons VALUES(305,'Lairon',3,'2026-02-12 18:34:48');
INSERT INTO pokemons VALUES(306,'Aggron',3,'2026-02-12 18:34:48');
INSERT INTO pokemons VALUES(307,'Meditite',3,'2026-02-12 18:34:48');
INSERT INTO pokemons VALUES(308,'Medicham',3,'2026-02-12 18:34:48');
INSERT INTO pokemons VALUES(309,'Electrike',3,'2026-02-12 18:34:48');
INSERT INTO pokemons VALUES(310,'Manectric',3,'2026-02-12 18:34:48');
INSERT INTO pokemons VALUES(311,'Plusle',3,'2026-02-12 18:34:48');
INSERT INTO pokemons VALUES(312,'Minun',3,'2026-02-12 18:34:48');
INSERT INTO pokemons VALUES(313,'Volbeat',3,'2026-02-12 18:34:48');
INSERT INTO pokemons VALUES(314,'Illumise',3,'2026-02-12 18:34:48');
INSERT INTO pokemons VALUES(315,'Roselia',3,'2026-02-12 18:34:48');
INSERT INTO pokemons VALUES(316,'Gulpin',3,'2026-02-12 18:34:48');
INSERT INTO pokemons VALUES(317,'Swalot',3,'2026-02-12 18:34:48');
INSERT INTO pokemons VALUES(318,'Carvanha',3,'2026-02-12 18:34:48');
INSERT INTO pokemons VALUES(319,'Sharpedo',3,'2026-02-12 18:34:48');
INSERT INTO pokemons VALUES(320,'Wailmer',3,'2026-02-12 18:34:48');
INSERT INTO pokemons VALUES(321,'Wailord',3,'2026-02-12 18:34:48');
INSERT INTO pokemons VALUES(322,'Numel',3,'2026-02-12 18:34:48');
INSERT INTO pokemons VALUES(323,'Camerupt',3,'2026-02-12 18:34:48');
INSERT INTO pokemons VALUES(324,'Torkoal',3,'2026-02-12 18:34:48');
INSERT INTO pokemons VALUES(325,'Spoink',3,'2026-02-12 18:34:48');
INSERT INTO pokemons VALUES(326,'Grumpig',3,'2026-02-12 18:34:48');
INSERT INTO pokemons VALUES(327,'Spinda',3,'2026-02-12 18:34:48');
INSERT INTO pokemons VALUES(328,'Trapinch',3,'2026-02-12 18:34:48');
INSERT INTO pokemons VALUES(329,'Vibrava',3,'2026-02-12 18:34:48');
INSERT INTO pokemons VALUES(330,'Flygon',3,'2026-02-12 18:34:48');
INSERT INTO pokemons VALUES(331,'Cacnea',3,'2026-02-12 18:34:48');
INSERT INTO pokemons VALUES(332,'Cacturne',3,'2026-02-12 18:34:48');
INSERT INTO pokemons VALUES(333,'Swablu',3,'2026-02-12 18:34:48');
INSERT INTO pokemons VALUES(334,'Altaria',3,'2026-02-12 18:34:48');
INSERT INTO pokemons VALUES(335,'Zangoose',3,'2026-02-12 18:34:48');
INSERT INTO pokemons VALUES(336,'Seviper',3,'2026-02-12 18:34:48');
INSERT INTO pokemons VALUES(337,'Lunatone',3,'2026-02-12 18:34:48');
INSERT INTO pokemons VALUES(338,'Solrock',3,'2026-02-12 18:34:48');
INSERT INTO pokemons VALUES(339,'Barboach',3,'2026-02-12 18:34:48');
INSERT INTO pokemons VALUES(340,'Whiscash',3,'2026-02-12 18:34:48');
INSERT INTO pokemons VALUES(341,'Corphish',3,'2026-02-12 18:34:48');
INSERT INTO pokemons VALUES(342,'Crawdaunt',3,'2026-02-12 18:34:48');
INSERT INTO pokemons VALUES(343,'Baltoy',3,'2026-02-12 18:34:48');
INSERT INTO pokemons VALUES(344,'Claydol',3,'2026-02-12 18:34:48');
INSERT INTO pokemons VALUES(345,'Lileep',3,'2026-02-12 18:34:48');
INSERT INTO pokemons VALUES(346,'Cradily',3,'2026-02-12 18:34:48');
INSERT INTO pokemons VALUES(347,'Anorith',3,'2026-02-12 18:34:48');
INSERT INTO pokemons VALUES(348,'Armaldo',3,'2026-02-12 18:34:48');
INSERT INTO pokemons VALUES(349,'Feebas',3,'2026-02-12 18:34:48');
INSERT INTO pokemons VALUES(350,'Milotic',3,'2026-02-12 18:34:48');
INSERT INTO pokemons VALUES(351,'Castform',3,'2026-02-12 18:34:48');
INSERT INTO pokemons VALUES(352,'Kecleon',3,'2026-02-12 18:34:48');
INSERT INTO pokemons VALUES(353,'Shuppet',3,'2026-02-12 18:34:48');
INSERT INTO pokemons VALUES(354,'Banette',3,'2026-02-12 18:34:48');
INSERT INTO pokemons VALUES(355,'Duskull',3,'2026-02-12 18:34:48');
INSERT INTO pokemons VALUES(356,'Dusclops',3,'2026-02-12 18:34:48');
INSERT INTO pokemons VALUES(357,'Tropius',3,'2026-02-12 18:34:48');
INSERT INTO pokemons VALUES(358,'Chimecho',3,'2026-02-12 18:34:48');
INSERT INTO pokemons VALUES(359,'Absol',3,'2026-02-12 18:34:48');
INSERT INTO pokemons VALUES(360,'Wynaut',3,'2026-02-12 18:34:48');
INSERT INTO pokemons VALUES(361,'Snorunt',3,'2026-02-12 18:34:48');
INSERT INTO pokemons VALUES(362,'Glalie',3,'2026-02-12 18:34:48');
INSERT INTO pokemons VALUES(363,'Spheal',3,'2026-02-12 18:34:48');
INSERT INTO pokemons VALUES(364,'Sealeo',3,'2026-02-12 18:34:48');
INSERT INTO pokemons VALUES(365,'Walrein',3,'2026-02-12 18:34:48');
INSERT INTO pokemons VALUES(366,'Clamperl',3,'2026-02-12 18:34:48');
INSERT INTO pokemons VALUES(367,'Huntail',3,'2026-02-12 18:34:48');
INSERT INTO pokemons VALUES(368,'Gorebyss',3,'2026-02-12 18:34:48');
INSERT INTO pokemons VALUES(369,'Relicanth',3,'2026-02-12 18:34:48');
INSERT INTO pokemons VALUES(370,'Luvdisc',3,'2026-02-12 18:34:48');
INSERT INTO pokemons VALUES(371,'Bagon',3,'2026-02-12 18:34:48');
INSERT INTO pokemons VALUES(372,'Shelgon',3,'2026-02-12 18:34:48');
INSERT INTO pokemons VALUES(373,'Salamence',3,'2026-02-12 18:34:48');
INSERT INTO pokemons VALUES(374,'Beldum',3,'2026-02-12 18:34:48');
INSERT INTO pokemons VALUES(375,'Metang',3,'2026-02-12 18:34:48');
INSERT INTO pokemons VALUES(376,'Metagross',3,'2026-02-12 18:34:48');
INSERT INTO pokemons VALUES(377,'Regirock',3,'2026-02-12 18:34:48');
INSERT INTO pokemons VALUES(378,'Regice',3,'2026-02-12 18:34:48');
INSERT INTO pokemons VALUES(379,'Registeel',3,'2026-02-12 18:34:48');
INSERT INTO pokemons VALUES(380,'Latias',3,'2026-02-12 18:34:48');
INSERT INTO pokemons VALUES(381,'Latios',3,'2026-02-12 18:34:48');
INSERT INTO pokemons VALUES(382,'Kyogre',3,'2026-02-12 18:34:48');
INSERT INTO pokemons VALUES(383,'Groudon',3,'2026-02-12 18:34:48');
INSERT INTO pokemons VALUES(384,'Rayquaza',3,'2026-02-12 18:34:48');
INSERT INTO pokemons VALUES(385,'Jirachi',3,'2026-02-12 18:34:48');
INSERT INTO pokemons VALUES(386,'Deoxys',3,'2026-02-12 18:34:48');
INSERT INTO pokemon_tipo VALUES(1,1,4,'2026-02-12 18:34:48');
INSERT INTO pokemon_tipo VALUES(2,1,8,'2026-02-12 18:34:48');
INSERT INTO pokemon_tipo VALUES(3,2,4,'2026-02-12 18:34:48');
INSERT INTO pokemon_tipo VALUES(4,2,8,'2026-02-12 18:34:48');
INSERT INTO pokemon_tipo VALUES(5,3,4,'2026-02-12 18:34:48');
INSERT INTO pokemon_tipo VALUES(6,3,8,'2026-02-12 18:34:48');
INSERT INTO pokemon_tipo VALUES(7,4,2,'2026-02-12 18:34:48');
INSERT INTO pokemon_tipo VALUES(8,5,2,'2026-02-12 18:34:48');
INSERT INTO pokemon_tipo VALUES(9,6,2,'2026-02-12 18:34:48');
INSERT INTO pokemon_tipo VALUES(10,6,10,'2026-02-12 18:34:48');
INSERT INTO pokemon_tipo VALUES(11,7,3,'2026-02-12 18:34:48');
INSERT INTO pokemon_tipo VALUES(12,8,3,'2026-02-12 18:34:48');
INSERT INTO pokemon_tipo VALUES(13,9,3,'2026-02-12 18:34:48');
INSERT INTO pokemon_tipo VALUES(14,10,12,'2026-02-12 18:34:48');
INSERT INTO pokemon_tipo VALUES(15,11,12,'2026-02-12 18:34:48');
INSERT INTO pokemon_tipo VALUES(16,12,12,'2026-02-12 18:34:48');
INSERT INTO pokemon_tipo VALUES(17,12,10,'2026-02-12 18:34:48');
INSERT INTO pokemon_tipo VALUES(18,13,12,'2026-02-12 18:34:48');
INSERT INTO pokemon_tipo VALUES(19,13,8,'2026-02-12 18:34:48');
INSERT INTO pokemon_tipo VALUES(20,14,12,'2026-02-12 18:34:48');
INSERT INTO pokemon_tipo VALUES(21,14,8,'2026-02-12 18:34:48');
INSERT INTO pokemon_tipo VALUES(22,15,12,'2026-02-12 18:34:48');
INSERT INTO pokemon_tipo VALUES(23,15,8,'2026-02-12 18:34:48');
INSERT INTO pokemon_tipo VALUES(24,16,1,'2026-02-12 18:34:48');
INSERT INTO pokemon_tipo VALUES(25,16,10,'2026-02-12 18:34:48');
INSERT INTO pokemon_tipo VALUES(26,17,1,'2026-02-12 18:34:48');
INSERT INTO pokemon_tipo VALUES(27,17,10,'2026-02-12 18:34:48');
INSERT INTO pokemon_tipo VALUES(28,18,1,'2026-02-12 18:34:48');
INSERT INTO pokemon_tipo VALUES(29,18,10,'2026-02-12 18:34:48');
INSERT INTO pokemon_tipo VALUES(30,19,1,'2026-02-12 18:34:48');
INSERT INTO pokemon_tipo VALUES(31,20,1,'2026-02-12 18:34:48');
INSERT INTO pokemon_tipo VALUES(32,21,1,'2026-02-12 18:34:48');
INSERT INTO pokemon_tipo VALUES(33,21,10,'2026-02-12 18:34:48');
INSERT INTO pokemon_tipo VALUES(34,22,1,'2026-02-12 18:34:48');
INSERT INTO pokemon_tipo VALUES(35,22,10,'2026-02-12 18:34:48');
INSERT INTO pokemon_tipo VALUES(36,23,8,'2026-02-12 18:34:48');
INSERT INTO pokemon_tipo VALUES(37,24,8,'2026-02-12 18:34:48');
INSERT INTO pokemon_tipo VALUES(38,25,5,'2026-02-12 18:34:48');
INSERT INTO pokemon_tipo VALUES(39,26,5,'2026-02-12 18:34:48');
INSERT INTO pokemon_tipo VALUES(40,27,9,'2026-02-12 18:34:48');
INSERT INTO pokemon_tipo VALUES(41,28,9,'2026-02-12 18:34:48');
INSERT INTO pokemon_tipo VALUES(42,29,8,'2026-02-12 18:34:48');
INSERT INTO pokemon_tipo VALUES(43,30,8,'2026-02-12 18:34:48');
INSERT INTO pokemon_tipo VALUES(44,31,8,'2026-02-12 18:34:48');
INSERT INTO pokemon_tipo VALUES(45,31,9,'2026-02-12 18:34:48');
INSERT INTO pokemon_tipo VALUES(46,32,8,'2026-02-12 18:34:48');
INSERT INTO pokemon_tipo VALUES(47,33,8,'2026-02-12 18:34:48');
INSERT INTO pokemon_tipo VALUES(48,34,8,'2026-02-12 18:34:48');
INSERT INTO pokemon_tipo VALUES(49,34,9,'2026-02-12 18:34:48');
INSERT INTO pokemon_tipo VALUES(50,35,18,'2026-02-12 18:34:48');
INSERT INTO pokemon_tipo VALUES(51,36,18,'2026-02-12 18:34:48');
INSERT INTO pokemon_tipo VALUES(52,37,2,'2026-02-12 18:34:48');
INSERT INTO pokemon_tipo VALUES(53,38,2,'2026-02-12 18:34:48');
INSERT INTO pokemon_tipo VALUES(54,39,1,'2026-02-12 18:34:48');
INSERT INTO pokemon_tipo VALUES(55,39,18,'2026-02-12 18:34:48');
INSERT INTO pokemon_tipo VALUES(56,40,1,'2026-02-12 18:34:48');
INSERT INTO pokemon_tipo VALUES(57,40,18,'2026-02-12 18:34:48');
INSERT INTO pokemon_tipo VALUES(58,41,8,'2026-02-12 18:34:48');
INSERT INTO pokemon_tipo VALUES(59,41,10,'2026-02-12 18:34:48');
INSERT INTO pokemon_tipo VALUES(60,42,8,'2026-02-12 18:34:48');
INSERT INTO pokemon_tipo VALUES(61,42,10,'2026-02-12 18:34:48');
INSERT INTO pokemon_tipo VALUES(62,43,4,'2026-02-12 18:34:48');
INSERT INTO pokemon_tipo VALUES(63,43,8,'2026-02-12 18:34:48');
INSERT INTO pokemon_tipo VALUES(64,44,4,'2026-02-12 18:34:48');
INSERT INTO pokemon_tipo VALUES(65,44,8,'2026-02-12 18:34:48');
INSERT INTO pokemon_tipo VALUES(66,45,4,'2026-02-12 18:34:48');
INSERT INTO pokemon_tipo VALUES(67,45,8,'2026-02-12 18:34:48');
INSERT INTO pokemon_tipo VALUES(68,46,12,'2026-02-12 18:34:48');
INSERT INTO pokemon_tipo VALUES(69,46,4,'2026-02-12 18:34:48');
INSERT INTO pokemon_tipo VALUES(70,47,12,'2026-02-12 18:34:48');
INSERT INTO pokemon_tipo VALUES(71,47,4,'2026-02-12 18:34:48');
INSERT INTO pokemon_tipo VALUES(72,48,12,'2026-02-12 18:34:48');
INSERT INTO pokemon_tipo VALUES(73,48,8,'2026-02-12 18:34:48');
INSERT INTO pokemon_tipo VALUES(74,49,12,'2026-02-12 18:34:48');
INSERT INTO pokemon_tipo VALUES(75,49,8,'2026-02-12 18:34:48');
INSERT INTO pokemon_tipo VALUES(76,50,9,'2026-02-12 18:34:48');
INSERT INTO pokemon_tipo VALUES(77,51,9,'2026-02-12 18:34:48');
INSERT INTO pokemon_tipo VALUES(78,52,1,'2026-02-12 18:34:48');
INSERT INTO pokemon_tipo VALUES(79,53,1,'2026-02-12 18:34:48');
INSERT INTO pokemon_tipo VALUES(80,54,3,'2026-02-12 18:34:48');
INSERT INTO pokemon_tipo VALUES(81,55,3,'2026-02-12 18:34:48');
INSERT INTO pokemon_tipo VALUES(82,56,7,'2026-02-12 18:34:48');
INSERT INTO pokemon_tipo VALUES(83,57,7,'2026-02-12 18:34:48');
INSERT INTO pokemon_tipo VALUES(84,58,2,'2026-02-12 18:34:48');
INSERT INTO pokemon_tipo VALUES(85,59,2,'2026-02-12 18:34:48');
INSERT INTO pokemon_tipo VALUES(86,60,3,'2026-02-12 18:34:48');
INSERT INTO pokemon_tipo VALUES(87,61,3,'2026-02-12 18:34:48');
INSERT INTO pokemon_tipo VALUES(88,62,3,'2026-02-12 18:34:48');
INSERT INTO pokemon_tipo VALUES(89,62,7,'2026-02-12 18:34:48');
INSERT INTO pokemon_tipo VALUES(90,63,11,'2026-02-12 18:34:48');
INSERT INTO pokemon_tipo VALUES(91,64,11,'2026-02-12 18:34:48');
INSERT INTO pokemon_tipo VALUES(92,65,11,'2026-02-12 18:34:48');
INSERT INTO pokemon_tipo VALUES(93,66,7,'2026-02-12 18:34:48');
INSERT INTO pokemon_tipo VALUES(94,67,7,'2026-02-12 18:34:48');
INSERT INTO pokemon_tipo VALUES(95,68,7,'2026-02-12 18:34:48');
INSERT INTO pokemon_tipo VALUES(96,69,4,'2026-02-12 18:34:48');
INSERT INTO pokemon_tipo VALUES(97,69,8,'2026-02-12 18:34:48');
INSERT INTO pokemon_tipo VALUES(98,70,4,'2026-02-12 18:34:48');
INSERT INTO pokemon_tipo VALUES(99,70,8,'2026-02-12 18:34:48');
INSERT INTO pokemon_tipo VALUES(100,71,4,'2026-02-12 18:34:48');
INSERT INTO pokemon_tipo VALUES(101,71,8,'2026-02-12 18:34:48');
INSERT INTO pokemon_tipo VALUES(102,72,3,'2026-02-12 18:34:48');
INSERT INTO pokemon_tipo VALUES(103,72,8,'2026-02-12 18:34:48');
INSERT INTO pokemon_tipo VALUES(104,73,3,'2026-02-12 18:34:48');
INSERT INTO pokemon_tipo VALUES(105,73,8,'2026-02-12 18:34:48');
INSERT INTO pokemon_tipo VALUES(106,74,13,'2026-02-12 18:34:48');
INSERT INTO pokemon_tipo VALUES(107,74,9,'2026-02-12 18:34:48');
INSERT INTO pokemon_tipo VALUES(108,75,13,'2026-02-12 18:34:48');
INSERT INTO pokemon_tipo VALUES(109,75,9,'2026-02-12 18:34:48');
INSERT INTO pokemon_tipo VALUES(110,76,13,'2026-02-12 18:34:48');
INSERT INTO pokemon_tipo VALUES(111,76,9,'2026-02-12 18:34:48');
INSERT INTO pokemon_tipo VALUES(112,77,2,'2026-02-12 18:34:48');
INSERT INTO pokemon_tipo VALUES(113,78,2,'2026-02-12 18:34:48');
INSERT INTO pokemon_tipo VALUES(114,79,3,'2026-02-12 18:34:48');
INSERT INTO pokemon_tipo VALUES(115,79,11,'2026-02-12 18:34:48');
INSERT INTO pokemon_tipo VALUES(116,80,3,'2026-02-12 18:34:48');
INSERT INTO pokemon_tipo VALUES(117,80,11,'2026-02-12 18:34:48');
INSERT INTO pokemon_tipo VALUES(118,81,5,'2026-02-12 18:34:48');
INSERT INTO pokemon_tipo VALUES(119,81,17,'2026-02-12 18:34:48');
INSERT INTO pokemon_tipo VALUES(120,82,5,'2026-02-12 18:34:48');
INSERT INTO pokemon_tipo VALUES(121,82,17,'2026-02-12 18:34:48');
INSERT INTO pokemon_tipo VALUES(122,83,1,'2026-02-12 18:34:48');
INSERT INTO pokemon_tipo VALUES(123,83,10,'2026-02-12 18:34:48');
INSERT INTO pokemon_tipo VALUES(124,84,1,'2026-02-12 18:34:48');
INSERT INTO pokemon_tipo VALUES(125,84,10,'2026-02-12 18:34:48');
INSERT INTO pokemon_tipo VALUES(126,85,1,'2026-02-12 18:34:48');
INSERT INTO pokemon_tipo VALUES(127,85,10,'2026-02-12 18:34:48');
INSERT INTO pokemon_tipo VALUES(128,86,3,'2026-02-12 18:34:48');
INSERT INTO pokemon_tipo VALUES(129,87,3,'2026-02-12 18:34:48');
INSERT INTO pokemon_tipo VALUES(130,87,6,'2026-02-12 18:34:48');
INSERT INTO pokemon_tipo VALUES(131,88,8,'2026-02-12 18:34:48');
INSERT INTO pokemon_tipo VALUES(132,89,8,'2026-02-12 18:34:48');
INSERT INTO pokemon_tipo VALUES(133,90,3,'2026-02-12 18:34:48');
INSERT INTO pokemon_tipo VALUES(134,91,3,'2026-02-12 18:34:48');
INSERT INTO pokemon_tipo VALUES(135,91,6,'2026-02-12 18:34:48');
INSERT INTO pokemon_tipo VALUES(136,92,14,'2026-02-12 18:34:48');
INSERT INTO pokemon_tipo VALUES(137,92,8,'2026-02-12 18:34:48');
INSERT INTO pokemon_tipo VALUES(138,93,14,'2026-02-12 18:34:48');
INSERT INTO pokemon_tipo VALUES(139,93,8,'2026-02-12 18:34:48');
INSERT INTO pokemon_tipo VALUES(140,94,14,'2026-02-12 18:34:48');
INSERT INTO pokemon_tipo VALUES(141,94,8,'2026-02-12 18:34:48');
INSERT INTO pokemon_tipo VALUES(142,95,13,'2026-02-12 18:34:48');
INSERT INTO pokemon_tipo VALUES(143,95,9,'2026-02-12 18:34:48');
INSERT INTO pokemon_tipo VALUES(144,96,11,'2026-02-12 18:34:48');
INSERT INTO pokemon_tipo VALUES(145,97,11,'2026-02-12 18:34:48');
INSERT INTO pokemon_tipo VALUES(146,98,3,'2026-02-12 18:34:48');
INSERT INTO pokemon_tipo VALUES(147,99,3,'2026-02-12 18:34:48');
INSERT INTO pokemon_tipo VALUES(148,100,5,'2026-02-12 18:34:48');
INSERT INTO pokemon_tipo VALUES(149,101,5,'2026-02-12 18:34:48');
INSERT INTO pokemon_tipo VALUES(150,102,4,'2026-02-12 18:34:48');
INSERT INTO pokemon_tipo VALUES(151,102,11,'2026-02-12 18:34:48');
INSERT INTO pokemon_tipo VALUES(152,103,4,'2026-02-12 18:34:48');
INSERT INTO pokemon_tipo VALUES(153,103,11,'2026-02-12 18:34:48');
INSERT INTO pokemon_tipo VALUES(154,104,9,'2026-02-12 18:34:48');
INSERT INTO pokemon_tipo VALUES(155,105,9,'2026-02-12 18:34:48');
INSERT INTO pokemon_tipo VALUES(156,106,7,'2026-02-12 18:34:48');
INSERT INTO pokemon_tipo VALUES(157,107,7,'2026-02-12 18:34:48');
INSERT INTO pokemon_tipo VALUES(158,108,1,'2026-02-12 18:34:48');
INSERT INTO pokemon_tipo VALUES(159,109,8,'2026-02-12 18:34:48');
INSERT INTO pokemon_tipo VALUES(160,110,8,'2026-02-12 18:34:48');
INSERT INTO pokemon_tipo VALUES(161,111,9,'2026-02-12 18:34:48');
INSERT INTO pokemon_tipo VALUES(162,111,13,'2026-02-12 18:34:48');
INSERT INTO pokemon_tipo VALUES(163,112,9,'2026-02-12 18:34:48');
INSERT INTO pokemon_tipo VALUES(164,112,13,'2026-02-12 18:34:48');
INSERT INTO pokemon_tipo VALUES(165,113,1,'2026-02-12 18:34:48');
INSERT INTO pokemon_tipo VALUES(166,114,4,'2026-02-12 18:34:48');
INSERT INTO pokemon_tipo VALUES(167,115,1,'2026-02-12 18:34:48');
INSERT INTO pokemon_tipo VALUES(168,116,3,'2026-02-12 18:34:48');
INSERT INTO pokemon_tipo VALUES(169,117,3,'2026-02-12 18:34:48');
INSERT INTO pokemon_tipo VALUES(170,118,3,'2026-02-12 18:34:48');
INSERT INTO pokemon_tipo VALUES(171,119,3,'2026-02-12 18:34:48');
INSERT INTO pokemon_tipo VALUES(172,120,3,'2026-02-12 18:34:48');
INSERT INTO pokemon_tipo VALUES(173,121,3,'2026-02-12 18:34:48');
INSERT INTO pokemon_tipo VALUES(174,121,11,'2026-02-12 18:34:48');
INSERT INTO pokemon_tipo VALUES(175,122,11,'2026-02-12 18:34:48');
INSERT INTO pokemon_tipo VALUES(176,122,18,'2026-02-12 18:34:48');
INSERT INTO pokemon_tipo VALUES(177,123,12,'2026-02-12 18:34:48');
INSERT INTO pokemon_tipo VALUES(178,123,10,'2026-02-12 18:34:48');
INSERT INTO pokemon_tipo VALUES(179,124,6,'2026-02-12 18:34:48');
INSERT INTO pokemon_tipo VALUES(180,124,11,'2026-02-12 18:34:48');
INSERT INTO pokemon_tipo VALUES(181,125,5,'2026-02-12 18:34:48');
INSERT INTO pokemon_tipo VALUES(182,126,2,'2026-02-12 18:34:48');
INSERT INTO pokemon_tipo VALUES(183,127,12,'2026-02-12 18:34:48');
INSERT INTO pokemon_tipo VALUES(184,128,1,'2026-02-12 18:34:48');
INSERT INTO pokemon_tipo VALUES(185,129,3,'2026-02-12 18:34:48');
INSERT INTO pokemon_tipo VALUES(186,130,3,'2026-02-12 18:34:48');
INSERT INTO pokemon_tipo VALUES(187,130,10,'2026-02-12 18:34:48');
INSERT INTO pokemon_tipo VALUES(188,131,3,'2026-02-12 18:34:48');
INSERT INTO pokemon_tipo VALUES(189,131,6,'2026-02-12 18:34:48');
INSERT INTO pokemon_tipo VALUES(190,132,1,'2026-02-12 18:34:48');
INSERT INTO pokemon_tipo VALUES(191,133,1,'2026-02-12 18:34:48');
INSERT INTO pokemon_tipo VALUES(192,134,3,'2026-02-12 18:34:48');
INSERT INTO pokemon_tipo VALUES(193,135,5,'2026-02-12 18:34:48');
INSERT INTO pokemon_tipo VALUES(194,136,2,'2026-02-12 18:34:48');
INSERT INTO pokemon_tipo VALUES(195,137,1,'2026-02-12 18:34:48');
INSERT INTO pokemon_tipo VALUES(196,138,13,'2026-02-12 18:34:48');
INSERT INTO pokemon_tipo VALUES(197,138,3,'2026-02-12 18:34:48');
INSERT INTO pokemon_tipo VALUES(198,139,13,'2026-02-12 18:34:48');
INSERT INTO pokemon_tipo VALUES(199,139,3,'2026-02-12 18:34:48');
INSERT INTO pokemon_tipo VALUES(200,140,13,'2026-02-12 18:34:48');
INSERT INTO pokemon_tipo VALUES(201,140,3,'2026-02-12 18:34:48');
INSERT INTO pokemon_tipo VALUES(202,141,13,'2026-02-12 18:34:48');
INSERT INTO pokemon_tipo VALUES(203,141,3,'2026-02-12 18:34:48');
INSERT INTO pokemon_tipo VALUES(204,142,13,'2026-02-12 18:34:48');
INSERT INTO pokemon_tipo VALUES(205,142,10,'2026-02-12 18:34:48');
INSERT INTO pokemon_tipo VALUES(206,143,1,'2026-02-12 18:34:48');
INSERT INTO pokemon_tipo VALUES(207,144,6,'2026-02-12 18:34:48');
INSERT INTO pokemon_tipo VALUES(208,144,10,'2026-02-12 18:34:48');
INSERT INTO pokemon_tipo VALUES(209,145,5,'2026-02-12 18:34:48');
INSERT INTO pokemon_tipo VALUES(210,145,10,'2026-02-12 18:34:48');
INSERT INTO pokemon_tipo VALUES(211,146,2,'2026-02-12 18:34:48');
INSERT INTO pokemon_tipo VALUES(212,146,10,'2026-02-12 18:34:48');
INSERT INTO pokemon_tipo VALUES(213,147,15,'2026-02-12 18:34:48');
INSERT INTO pokemon_tipo VALUES(214,148,15,'2026-02-12 18:34:48');
INSERT INTO pokemon_tipo VALUES(215,149,15,'2026-02-12 18:34:48');
INSERT INTO pokemon_tipo VALUES(216,149,10,'2026-02-12 18:34:48');
INSERT INTO pokemon_tipo VALUES(217,150,11,'2026-02-12 18:34:48');
INSERT INTO pokemon_tipo VALUES(218,151,11,'2026-02-12 18:34:48');
INSERT INTO pokemon_tipo VALUES(219,152,4,'2026-02-12 18:34:48');
INSERT INTO pokemon_tipo VALUES(220,153,4,'2026-02-12 18:34:48');
INSERT INTO pokemon_tipo VALUES(221,154,4,'2026-02-12 18:34:48');
INSERT INTO pokemon_tipo VALUES(222,155,2,'2026-02-12 18:34:48');
INSERT INTO pokemon_tipo VALUES(223,156,2,'2026-02-12 18:34:48');
INSERT INTO pokemon_tipo VALUES(224,157,2,'2026-02-12 18:34:48');
INSERT INTO pokemon_tipo VALUES(225,158,3,'2026-02-12 18:34:48');
INSERT INTO pokemon_tipo VALUES(226,159,3,'2026-02-12 18:34:48');
INSERT INTO pokemon_tipo VALUES(227,160,3,'2026-02-12 18:34:48');
INSERT INTO pokemon_tipo VALUES(228,161,1,'2026-02-12 18:34:48');
INSERT INTO pokemon_tipo VALUES(229,162,1,'2026-02-12 18:34:48');
INSERT INTO pokemon_tipo VALUES(230,163,1,'2026-02-12 18:34:48');
INSERT INTO pokemon_tipo VALUES(231,163,10,'2026-02-12 18:34:48');
INSERT INTO pokemon_tipo VALUES(232,164,1,'2026-02-12 18:34:48');
INSERT INTO pokemon_tipo VALUES(233,164,10,'2026-02-12 18:34:48');
INSERT INTO pokemon_tipo VALUES(234,165,12,'2026-02-12 18:34:48');
INSERT INTO pokemon_tipo VALUES(235,165,10,'2026-02-12 18:34:48');
INSERT INTO pokemon_tipo VALUES(236,166,12,'2026-02-12 18:34:48');
INSERT INTO pokemon_tipo VALUES(237,166,10,'2026-02-12 18:34:48');
INSERT INTO pokemon_tipo VALUES(238,167,12,'2026-02-12 18:34:48');
INSERT INTO pokemon_tipo VALUES(239,167,8,'2026-02-12 18:34:48');
INSERT INTO pokemon_tipo VALUES(240,168,12,'2026-02-12 18:34:48');
INSERT INTO pokemon_tipo VALUES(241,168,8,'2026-02-12 18:34:48');
INSERT INTO pokemon_tipo VALUES(242,169,8,'2026-02-12 18:34:48');
INSERT INTO pokemon_tipo VALUES(243,169,10,'2026-02-12 18:34:48');
INSERT INTO pokemon_tipo VALUES(244,170,3,'2026-02-12 18:34:48');
INSERT INTO pokemon_tipo VALUES(245,170,5,'2026-02-12 18:34:48');
INSERT INTO pokemon_tipo VALUES(246,171,3,'2026-02-12 18:34:48');
INSERT INTO pokemon_tipo VALUES(247,171,5,'2026-02-12 18:34:48');
INSERT INTO pokemon_tipo VALUES(248,172,5,'2026-02-12 18:34:48');
INSERT INTO pokemon_tipo VALUES(249,173,18,'2026-02-12 18:34:49');
INSERT INTO pokemon_tipo VALUES(250,174,1,'2026-02-12 18:34:49');
INSERT INTO pokemon_tipo VALUES(251,174,18,'2026-02-12 18:34:49');
INSERT INTO pokemon_tipo VALUES(252,175,18,'2026-02-12 18:34:49');
INSERT INTO pokemon_tipo VALUES(253,176,18,'2026-02-12 18:34:49');
INSERT INTO pokemon_tipo VALUES(254,177,11,'2026-02-12 18:34:49');
INSERT INTO pokemon_tipo VALUES(255,177,10,'2026-02-12 18:34:49');
INSERT INTO pokemon_tipo VALUES(256,178,11,'2026-02-12 18:34:49');
INSERT INTO pokemon_tipo VALUES(257,178,10,'2026-02-12 18:34:49');
INSERT INTO pokemon_tipo VALUES(258,179,5,'2026-02-12 18:34:49');
INSERT INTO pokemon_tipo VALUES(259,180,5,'2026-02-12 18:34:49');
INSERT INTO pokemon_tipo VALUES(260,181,5,'2026-02-12 18:34:49');
INSERT INTO pokemon_tipo VALUES(261,182,4,'2026-02-12 18:34:49');
INSERT INTO pokemon_tipo VALUES(262,183,3,'2026-02-12 18:34:49');
INSERT INTO pokemon_tipo VALUES(263,183,18,'2026-02-12 18:34:49');
INSERT INTO pokemon_tipo VALUES(264,184,3,'2026-02-12 18:34:49');
INSERT INTO pokemon_tipo VALUES(265,184,18,'2026-02-12 18:34:49');
INSERT INTO pokemon_tipo VALUES(266,185,13,'2026-02-12 18:34:49');
INSERT INTO pokemon_tipo VALUES(267,186,3,'2026-02-12 18:34:49');
INSERT INTO pokemon_tipo VALUES(268,187,4,'2026-02-12 18:34:49');
INSERT INTO pokemon_tipo VALUES(269,187,10,'2026-02-12 18:34:49');
INSERT INTO pokemon_tipo VALUES(270,188,4,'2026-02-12 18:34:49');
INSERT INTO pokemon_tipo VALUES(271,188,10,'2026-02-12 18:34:49');
INSERT INTO pokemon_tipo VALUES(272,189,4,'2026-02-12 18:34:49');
INSERT INTO pokemon_tipo VALUES(273,189,10,'2026-02-12 18:34:49');
INSERT INTO pokemon_tipo VALUES(274,190,1,'2026-02-12 18:34:49');
INSERT INTO pokemon_tipo VALUES(275,191,4,'2026-02-12 18:34:49');
INSERT INTO pokemon_tipo VALUES(276,192,4,'2026-02-12 18:34:49');
INSERT INTO pokemon_tipo VALUES(277,193,12,'2026-02-12 18:34:49');
INSERT INTO pokemon_tipo VALUES(278,193,10,'2026-02-12 18:34:49');
INSERT INTO pokemon_tipo VALUES(279,194,3,'2026-02-12 18:34:49');
INSERT INTO pokemon_tipo VALUES(280,194,9,'2026-02-12 18:34:49');
INSERT INTO pokemon_tipo VALUES(281,195,3,'2026-02-12 18:34:49');
INSERT INTO pokemon_tipo VALUES(282,195,9,'2026-02-12 18:34:49');
INSERT INTO pokemon_tipo VALUES(283,196,11,'2026-02-12 18:34:49');
INSERT INTO pokemon_tipo VALUES(284,197,16,'2026-02-12 18:34:49');
INSERT INTO pokemon_tipo VALUES(285,198,16,'2026-02-12 18:34:49');
INSERT INTO pokemon_tipo VALUES(286,198,10,'2026-02-12 18:34:49');
INSERT INTO pokemon_tipo VALUES(287,199,3,'2026-02-12 18:34:49');
INSERT INTO pokemon_tipo VALUES(288,199,11,'2026-02-12 18:34:49');
INSERT INTO pokemon_tipo VALUES(289,200,14,'2026-02-12 18:34:49');
INSERT INTO pokemon_tipo VALUES(290,201,11,'2026-02-12 18:34:49');
INSERT INTO pokemon_tipo VALUES(291,202,11,'2026-02-12 18:34:49');
INSERT INTO pokemon_tipo VALUES(292,203,1,'2026-02-12 18:34:49');
INSERT INTO pokemon_tipo VALUES(293,203,11,'2026-02-12 18:34:49');
INSERT INTO pokemon_tipo VALUES(294,204,12,'2026-02-12 18:34:49');
INSERT INTO pokemon_tipo VALUES(295,205,12,'2026-02-12 18:34:49');
INSERT INTO pokemon_tipo VALUES(296,205,17,'2026-02-12 18:34:49');
INSERT INTO pokemon_tipo VALUES(297,206,1,'2026-02-12 18:34:49');
INSERT INTO pokemon_tipo VALUES(298,207,9,'2026-02-12 18:34:49');
INSERT INTO pokemon_tipo VALUES(299,207,10,'2026-02-12 18:34:49');
INSERT INTO pokemon_tipo VALUES(300,208,17,'2026-02-12 18:34:49');
INSERT INTO pokemon_tipo VALUES(301,208,9,'2026-02-12 18:34:49');
INSERT INTO pokemon_tipo VALUES(302,209,18,'2026-02-12 18:34:49');
INSERT INTO pokemon_tipo VALUES(303,210,18,'2026-02-12 18:34:49');
INSERT INTO pokemon_tipo VALUES(304,211,3,'2026-02-12 18:34:49');
INSERT INTO pokemon_tipo VALUES(305,211,8,'2026-02-12 18:34:49');
INSERT INTO pokemon_tipo VALUES(306,212,12,'2026-02-12 18:34:49');
INSERT INTO pokemon_tipo VALUES(307,212,17,'2026-02-12 18:34:49');
INSERT INTO pokemon_tipo VALUES(308,213,12,'2026-02-12 18:34:49');
INSERT INTO pokemon_tipo VALUES(309,213,13,'2026-02-12 18:34:49');
INSERT INTO pokemon_tipo VALUES(310,214,12,'2026-02-12 18:34:49');
INSERT INTO pokemon_tipo VALUES(311,214,7,'2026-02-12 18:34:49');
INSERT INTO pokemon_tipo VALUES(312,215,16,'2026-02-12 18:34:49');
INSERT INTO pokemon_tipo VALUES(313,215,6,'2026-02-12 18:34:49');
INSERT INTO pokemon_tipo VALUES(314,216,1,'2026-02-12 18:34:49');
INSERT INTO pokemon_tipo VALUES(315,217,1,'2026-02-12 18:34:49');
INSERT INTO pokemon_tipo VALUES(316,218,2,'2026-02-12 18:34:49');
INSERT INTO pokemon_tipo VALUES(317,219,2,'2026-02-12 18:34:49');
INSERT INTO pokemon_tipo VALUES(318,219,13,'2026-02-12 18:34:49');
INSERT INTO pokemon_tipo VALUES(319,220,6,'2026-02-12 18:34:49');
INSERT INTO pokemon_tipo VALUES(320,220,9,'2026-02-12 18:34:49');
INSERT INTO pokemon_tipo VALUES(321,221,6,'2026-02-12 18:34:49');
INSERT INTO pokemon_tipo VALUES(322,221,9,'2026-02-12 18:34:49');
INSERT INTO pokemon_tipo VALUES(323,222,3,'2026-02-12 18:34:49');
INSERT INTO pokemon_tipo VALUES(324,222,13,'2026-02-12 18:34:49');
INSERT INTO pokemon_tipo VALUES(325,223,3,'2026-02-12 18:34:49');
INSERT INTO pokemon_tipo VALUES(326,224,3,'2026-02-12 18:34:49');
INSERT INTO pokemon_tipo VALUES(327,225,6,'2026-02-12 18:34:49');
INSERT INTO pokemon_tipo VALUES(328,225,10,'2026-02-12 18:34:49');
INSERT INTO pokemon_tipo VALUES(329,226,3,'2026-02-12 18:34:49');
INSERT INTO pokemon_tipo VALUES(330,226,10,'2026-02-12 18:34:49');
INSERT INTO pokemon_tipo VALUES(331,227,17,'2026-02-12 18:34:49');
INSERT INTO pokemon_tipo VALUES(332,227,10,'2026-02-12 18:34:49');
INSERT INTO pokemon_tipo VALUES(333,228,16,'2026-02-12 18:34:49');
INSERT INTO pokemon_tipo VALUES(334,228,2,'2026-02-12 18:34:49');
INSERT INTO pokemon_tipo VALUES(335,229,16,'2026-02-12 18:34:49');
INSERT INTO pokemon_tipo VALUES(336,229,2,'2026-02-12 18:34:49');
INSERT INTO pokemon_tipo VALUES(337,230,3,'2026-02-12 18:34:49');
INSERT INTO pokemon_tipo VALUES(338,230,15,'2026-02-12 18:34:49');
INSERT INTO pokemon_tipo VALUES(339,231,9,'2026-02-12 18:34:49');
INSERT INTO pokemon_tipo VALUES(340,232,9,'2026-02-12 18:34:49');
INSERT INTO pokemon_tipo VALUES(341,233,1,'2026-02-12 18:34:49');
INSERT INTO pokemon_tipo VALUES(342,234,1,'2026-02-12 18:34:49');
INSERT INTO pokemon_tipo VALUES(343,235,1,'2026-02-12 18:34:49');
INSERT INTO pokemon_tipo VALUES(344,236,7,'2026-02-12 18:34:49');
INSERT INTO pokemon_tipo VALUES(345,237,7,'2026-02-12 18:34:49');
INSERT INTO pokemon_tipo VALUES(346,238,6,'2026-02-12 18:34:49');
INSERT INTO pokemon_tipo VALUES(347,238,11,'2026-02-12 18:34:49');
INSERT INTO pokemon_tipo VALUES(348,239,5,'2026-02-12 18:34:49');
INSERT INTO pokemon_tipo VALUES(349,240,2,'2026-02-12 18:34:49');
INSERT INTO pokemon_tipo VALUES(350,241,1,'2026-02-12 18:34:49');
INSERT INTO pokemon_tipo VALUES(351,242,1,'2026-02-12 18:34:49');
INSERT INTO pokemon_tipo VALUES(352,243,5,'2026-02-12 18:34:49');
INSERT INTO pokemon_tipo VALUES(353,244,2,'2026-02-12 18:34:49');
INSERT INTO pokemon_tipo VALUES(354,245,3,'2026-02-12 18:34:49');
INSERT INTO pokemon_tipo VALUES(355,246,13,'2026-02-12 18:34:49');
INSERT INTO pokemon_tipo VALUES(356,246,9,'2026-02-12 18:34:49');
INSERT INTO pokemon_tipo VALUES(357,247,13,'2026-02-12 18:34:49');
INSERT INTO pokemon_tipo VALUES(358,247,9,'2026-02-12 18:34:49');
INSERT INTO pokemon_tipo VALUES(359,248,13,'2026-02-12 18:34:49');
INSERT INTO pokemon_tipo VALUES(360,248,16,'2026-02-12 18:34:49');
INSERT INTO pokemon_tipo VALUES(361,249,11,'2026-02-12 18:34:49');
INSERT INTO pokemon_tipo VALUES(362,249,10,'2026-02-12 18:34:49');
INSERT INTO pokemon_tipo VALUES(363,250,2,'2026-02-12 18:34:49');
INSERT INTO pokemon_tipo VALUES(364,250,10,'2026-02-12 18:34:49');
INSERT INTO pokemon_tipo VALUES(365,251,11,'2026-02-12 18:34:49');
INSERT INTO pokemon_tipo VALUES(366,251,4,'2026-02-12 18:34:49');
INSERT INTO pokemon_tipo VALUES(367,252,4,'2026-02-12 18:34:49');
INSERT INTO pokemon_tipo VALUES(368,253,4,'2026-02-12 18:34:49');
INSERT INTO pokemon_tipo VALUES(369,254,4,'2026-02-12 18:34:49');
INSERT INTO pokemon_tipo VALUES(370,255,2,'2026-02-12 18:34:49');
INSERT INTO pokemon_tipo VALUES(371,256,2,'2026-02-12 18:34:49');
INSERT INTO pokemon_tipo VALUES(372,256,7,'2026-02-12 18:34:49');
INSERT INTO pokemon_tipo VALUES(373,257,2,'2026-02-12 18:34:49');
INSERT INTO pokemon_tipo VALUES(374,257,7,'2026-02-12 18:34:49');
INSERT INTO pokemon_tipo VALUES(375,258,3,'2026-02-12 18:34:49');
INSERT INTO pokemon_tipo VALUES(376,259,3,'2026-02-12 18:34:49');
INSERT INTO pokemon_tipo VALUES(377,259,9,'2026-02-12 18:34:49');
INSERT INTO pokemon_tipo VALUES(378,260,3,'2026-02-12 18:34:49');
INSERT INTO pokemon_tipo VALUES(379,260,9,'2026-02-12 18:34:49');
INSERT INTO pokemon_tipo VALUES(380,261,16,'2026-02-12 18:34:49');
INSERT INTO pokemon_tipo VALUES(381,262,16,'2026-02-12 18:34:49');
INSERT INTO pokemon_tipo VALUES(382,263,1,'2026-02-12 18:34:49');
INSERT INTO pokemon_tipo VALUES(383,264,1,'2026-02-12 18:34:49');
INSERT INTO pokemon_tipo VALUES(384,265,12,'2026-02-12 18:34:49');
INSERT INTO pokemon_tipo VALUES(385,266,12,'2026-02-12 18:34:49');
INSERT INTO pokemon_tipo VALUES(386,267,12,'2026-02-12 18:34:49');
INSERT INTO pokemon_tipo VALUES(387,267,10,'2026-02-12 18:34:49');
INSERT INTO pokemon_tipo VALUES(388,268,12,'2026-02-12 18:34:49');
INSERT INTO pokemon_tipo VALUES(389,269,12,'2026-02-12 18:34:49');
INSERT INTO pokemon_tipo VALUES(390,269,8,'2026-02-12 18:34:49');
INSERT INTO pokemon_tipo VALUES(391,270,3,'2026-02-12 18:34:49');
INSERT INTO pokemon_tipo VALUES(392,270,4,'2026-02-12 18:34:49');
INSERT INTO pokemon_tipo VALUES(393,271,3,'2026-02-12 18:34:49');
INSERT INTO pokemon_tipo VALUES(394,271,4,'2026-02-12 18:34:49');
INSERT INTO pokemon_tipo VALUES(395,272,3,'2026-02-12 18:34:49');
INSERT INTO pokemon_tipo VALUES(396,272,4,'2026-02-12 18:34:49');
INSERT INTO pokemon_tipo VALUES(397,273,4,'2026-02-12 18:34:49');
INSERT INTO pokemon_tipo VALUES(398,274,4,'2026-02-12 18:34:49');
INSERT INTO pokemon_tipo VALUES(399,274,16,'2026-02-12 18:34:49');
INSERT INTO pokemon_tipo VALUES(400,275,4,'2026-02-12 18:34:49');
INSERT INTO pokemon_tipo VALUES(401,275,16,'2026-02-12 18:34:49');
INSERT INTO pokemon_tipo VALUES(402,276,1,'2026-02-12 18:34:49');
INSERT INTO pokemon_tipo VALUES(403,276,10,'2026-02-12 18:34:49');
INSERT INTO pokemon_tipo VALUES(404,277,1,'2026-02-12 18:34:49');
INSERT INTO pokemon_tipo VALUES(405,277,10,'2026-02-12 18:34:49');
INSERT INTO pokemon_tipo VALUES(406,278,3,'2026-02-12 18:34:49');
INSERT INTO pokemon_tipo VALUES(407,278,10,'2026-02-12 18:34:49');
INSERT INTO pokemon_tipo VALUES(408,279,3,'2026-02-12 18:34:49');
INSERT INTO pokemon_tipo VALUES(409,279,10,'2026-02-12 18:34:49');
INSERT INTO pokemon_tipo VALUES(410,280,11,'2026-02-12 18:34:49');
INSERT INTO pokemon_tipo VALUES(411,281,11,'2026-02-12 18:34:49');
INSERT INTO pokemon_tipo VALUES(412,282,11,'2026-02-12 18:34:49');
INSERT INTO pokemon_tipo VALUES(413,282,18,'2026-02-12 18:34:49');
INSERT INTO pokemon_tipo VALUES(414,283,12,'2026-02-12 18:34:49');
INSERT INTO pokemon_tipo VALUES(415,283,3,'2026-02-12 18:34:49');
INSERT INTO pokemon_tipo VALUES(416,284,12,'2026-02-12 18:34:49');
INSERT INTO pokemon_tipo VALUES(417,284,10,'2026-02-12 18:34:49');
INSERT INTO pokemon_tipo VALUES(418,285,4,'2026-02-12 18:34:49');
INSERT INTO pokemon_tipo VALUES(419,286,4,'2026-02-12 18:34:49');
INSERT INTO pokemon_tipo VALUES(420,286,7,'2026-02-12 18:34:49');
INSERT INTO pokemon_tipo VALUES(421,287,1,'2026-02-12 18:34:49');
INSERT INTO pokemon_tipo VALUES(422,288,1,'2026-02-12 18:34:49');
INSERT INTO pokemon_tipo VALUES(423,289,1,'2026-02-12 18:34:49');
INSERT INTO pokemon_tipo VALUES(424,290,12,'2026-02-12 18:34:49');
INSERT INTO pokemon_tipo VALUES(425,290,9,'2026-02-12 18:34:49');
INSERT INTO pokemon_tipo VALUES(426,291,12,'2026-02-12 18:34:49');
INSERT INTO pokemon_tipo VALUES(427,291,10,'2026-02-12 18:34:49');
INSERT INTO pokemon_tipo VALUES(428,292,12,'2026-02-12 18:34:49');
INSERT INTO pokemon_tipo VALUES(429,292,14,'2026-02-12 18:34:49');
INSERT INTO pokemon_tipo VALUES(430,293,1,'2026-02-12 18:34:49');
INSERT INTO pokemon_tipo VALUES(431,294,1,'2026-02-12 18:34:49');
INSERT INTO pokemon_tipo VALUES(432,295,1,'2026-02-12 18:34:49');
INSERT INTO pokemon_tipo VALUES(433,296,7,'2026-02-12 18:34:49');
INSERT INTO pokemon_tipo VALUES(434,297,7,'2026-02-12 18:34:49');
INSERT INTO pokemon_tipo VALUES(435,298,1,'2026-02-12 18:34:49');
INSERT INTO pokemon_tipo VALUES(436,298,18,'2026-02-12 18:34:49');
INSERT INTO pokemon_tipo VALUES(437,299,13,'2026-02-12 18:34:49');
INSERT INTO pokemon_tipo VALUES(438,300,1,'2026-02-12 18:34:49');
INSERT INTO pokemon_tipo VALUES(439,301,1,'2026-02-12 18:34:49');
INSERT INTO pokemon_tipo VALUES(440,302,16,'2026-02-12 18:34:49');
INSERT INTO pokemon_tipo VALUES(441,302,14,'2026-02-12 18:34:49');
INSERT INTO pokemon_tipo VALUES(442,303,17,'2026-02-12 18:34:49');
INSERT INTO pokemon_tipo VALUES(443,303,18,'2026-02-12 18:34:49');
INSERT INTO pokemon_tipo VALUES(444,304,17,'2026-02-12 18:34:49');
INSERT INTO pokemon_tipo VALUES(445,304,13,'2026-02-12 18:34:49');
INSERT INTO pokemon_tipo VALUES(446,305,17,'2026-02-12 18:34:49');
INSERT INTO pokemon_tipo VALUES(447,305,13,'2026-02-12 18:34:49');
INSERT INTO pokemon_tipo VALUES(448,306,17,'2026-02-12 18:34:49');
INSERT INTO pokemon_tipo VALUES(449,306,13,'2026-02-12 18:34:49');
INSERT INTO pokemon_tipo VALUES(450,307,7,'2026-02-12 18:34:49');
INSERT INTO pokemon_tipo VALUES(451,307,11,'2026-02-12 18:34:49');
INSERT INTO pokemon_tipo VALUES(452,308,7,'2026-02-12 18:34:49');
INSERT INTO pokemon_tipo VALUES(453,308,11,'2026-02-12 18:34:49');
INSERT INTO pokemon_tipo VALUES(454,309,5,'2026-02-12 18:34:49');
INSERT INTO pokemon_tipo VALUES(455,310,5,'2026-02-12 18:34:49');
INSERT INTO pokemon_tipo VALUES(456,311,5,'2026-02-12 18:34:49');
INSERT INTO pokemon_tipo VALUES(457,312,5,'2026-02-12 18:34:49');
INSERT INTO pokemon_tipo VALUES(458,313,12,'2026-02-12 18:34:49');
INSERT INTO pokemon_tipo VALUES(459,314,12,'2026-02-12 18:34:49');
INSERT INTO pokemon_tipo VALUES(460,315,4,'2026-02-12 18:34:49');
INSERT INTO pokemon_tipo VALUES(461,315,8,'2026-02-12 18:34:49');
INSERT INTO pokemon_tipo VALUES(462,316,8,'2026-02-12 18:34:49');
INSERT INTO pokemon_tipo VALUES(463,317,8,'2026-02-12 18:34:49');
INSERT INTO pokemon_tipo VALUES(464,318,3,'2026-02-12 18:34:49');
INSERT INTO pokemon_tipo VALUES(465,318,16,'2026-02-12 18:34:49');
INSERT INTO pokemon_tipo VALUES(466,319,3,'2026-02-12 18:34:49');
INSERT INTO pokemon_tipo VALUES(467,319,16,'2026-02-12 18:34:49');
INSERT INTO pokemon_tipo VALUES(468,320,3,'2026-02-12 18:34:49');
INSERT INTO pokemon_tipo VALUES(469,321,3,'2026-02-12 18:34:49');
INSERT INTO pokemon_tipo VALUES(470,322,2,'2026-02-12 18:34:49');
INSERT INTO pokemon_tipo VALUES(471,322,9,'2026-02-12 18:34:49');
INSERT INTO pokemon_tipo VALUES(472,323,2,'2026-02-12 18:34:49');
INSERT INTO pokemon_tipo VALUES(473,323,9,'2026-02-12 18:34:49');
INSERT INTO pokemon_tipo VALUES(474,324,2,'2026-02-12 18:34:49');
INSERT INTO pokemon_tipo VALUES(475,325,11,'2026-02-12 18:34:49');
INSERT INTO pokemon_tipo VALUES(476,326,11,'2026-02-12 18:34:49');
INSERT INTO pokemon_tipo VALUES(477,327,1,'2026-02-12 18:34:49');
INSERT INTO pokemon_tipo VALUES(478,328,9,'2026-02-12 18:34:49');
INSERT INTO pokemon_tipo VALUES(479,329,9,'2026-02-12 18:34:49');
INSERT INTO pokemon_tipo VALUES(480,329,15,'2026-02-12 18:34:49');
INSERT INTO pokemon_tipo VALUES(481,330,9,'2026-02-12 18:34:49');
INSERT INTO pokemon_tipo VALUES(482,330,15,'2026-02-12 18:34:49');
INSERT INTO pokemon_tipo VALUES(483,331,4,'2026-02-12 18:34:49');
INSERT INTO pokemon_tipo VALUES(484,332,4,'2026-02-12 18:34:49');
INSERT INTO pokemon_tipo VALUES(485,332,16,'2026-02-12 18:34:49');
INSERT INTO pokemon_tipo VALUES(486,333,1,'2026-02-12 18:34:49');
INSERT INTO pokemon_tipo VALUES(487,333,10,'2026-02-12 18:34:49');
INSERT INTO pokemon_tipo VALUES(488,334,15,'2026-02-12 18:34:49');
INSERT INTO pokemon_tipo VALUES(489,334,10,'2026-02-12 18:34:49');
INSERT INTO pokemon_tipo VALUES(490,335,1,'2026-02-12 18:34:49');
INSERT INTO pokemon_tipo VALUES(491,336,8,'2026-02-12 18:34:49');
INSERT INTO pokemon_tipo VALUES(492,337,13,'2026-02-12 18:34:49');
INSERT INTO pokemon_tipo VALUES(493,337,11,'2026-02-12 18:34:49');
INSERT INTO pokemon_tipo VALUES(494,338,13,'2026-02-12 18:34:49');
INSERT INTO pokemon_tipo VALUES(495,338,11,'2026-02-12 18:34:49');
INSERT INTO pokemon_tipo VALUES(496,339,3,'2026-02-12 18:34:49');
INSERT INTO pokemon_tipo VALUES(497,339,9,'2026-02-12 18:34:49');
INSERT INTO pokemon_tipo VALUES(498,340,3,'2026-02-12 18:34:49');
INSERT INTO pokemon_tipo VALUES(499,340,9,'2026-02-12 18:34:49');
INSERT INTO pokemon_tipo VALUES(500,341,3,'2026-02-12 18:34:49');
INSERT INTO pokemon_tipo VALUES(501,342,3,'2026-02-12 18:34:49');
INSERT INTO pokemon_tipo VALUES(502,342,16,'2026-02-12 18:34:49');
INSERT INTO pokemon_tipo VALUES(503,343,9,'2026-02-12 18:34:49');
INSERT INTO pokemon_tipo VALUES(504,343,11,'2026-02-12 18:34:49');
INSERT INTO pokemon_tipo VALUES(505,344,9,'2026-02-12 18:34:49');
INSERT INTO pokemon_tipo VALUES(506,344,11,'2026-02-12 18:34:49');
INSERT INTO pokemon_tipo VALUES(507,345,13,'2026-02-12 18:34:49');
INSERT INTO pokemon_tipo VALUES(508,345,4,'2026-02-12 18:34:49');
INSERT INTO pokemon_tipo VALUES(509,346,13,'2026-02-12 18:34:49');
INSERT INTO pokemon_tipo VALUES(510,346,4,'2026-02-12 18:34:49');
INSERT INTO pokemon_tipo VALUES(511,347,13,'2026-02-12 18:34:49');
INSERT INTO pokemon_tipo VALUES(512,347,12,'2026-02-12 18:34:49');
INSERT INTO pokemon_tipo VALUES(513,348,13,'2026-02-12 18:34:49');
INSERT INTO pokemon_tipo VALUES(514,348,12,'2026-02-12 18:34:49');
INSERT INTO pokemon_tipo VALUES(515,349,3,'2026-02-12 18:34:49');
INSERT INTO pokemon_tipo VALUES(516,350,3,'2026-02-12 18:34:49');
INSERT INTO pokemon_tipo VALUES(517,351,1,'2026-02-12 18:34:49');
INSERT INTO pokemon_tipo VALUES(518,352,1,'2026-02-12 18:34:49');
INSERT INTO pokemon_tipo VALUES(519,353,14,'2026-02-12 18:34:49');
INSERT INTO pokemon_tipo VALUES(520,354,14,'2026-02-12 18:34:49');
INSERT INTO pokemon_tipo VALUES(521,355,14,'2026-02-12 18:34:49');
INSERT INTO pokemon_tipo VALUES(522,356,14,'2026-02-12 18:34:49');
INSERT INTO pokemon_tipo VALUES(523,357,4,'2026-02-12 18:34:49');
INSERT INTO pokemon_tipo VALUES(524,357,10,'2026-02-12 18:34:49');
INSERT INTO pokemon_tipo VALUES(525,358,11,'2026-02-12 18:34:49');
INSERT INTO pokemon_tipo VALUES(526,359,16,'2026-02-12 18:34:49');
INSERT INTO pokemon_tipo VALUES(527,360,11,'2026-02-12 18:34:49');
INSERT INTO pokemon_tipo VALUES(528,361,6,'2026-02-12 18:34:49');
INSERT INTO pokemon_tipo VALUES(529,362,6,'2026-02-12 18:34:49');
INSERT INTO pokemon_tipo VALUES(530,363,6,'2026-02-12 18:34:49');
INSERT INTO pokemon_tipo VALUES(531,363,3,'2026-02-12 18:34:49');
INSERT INTO pokemon_tipo VALUES(532,364,6,'2026-02-12 18:34:49');
INSERT INTO pokemon_tipo VALUES(533,364,3,'2026-02-12 18:34:49');
INSERT INTO pokemon_tipo VALUES(534,365,6,'2026-02-12 18:34:49');
INSERT INTO pokemon_tipo VALUES(535,365,3,'2026-02-12 18:34:49');
INSERT INTO pokemon_tipo VALUES(536,366,3,'2026-02-12 18:34:49');
INSERT INTO pokemon_tipo VALUES(537,367,3,'2026-02-12 18:34:49');
INSERT INTO pokemon_tipo VALUES(538,368,3,'2026-02-12 18:34:49');
INSERT INTO pokemon_tipo VALUES(539,369,3,'2026-02-12 18:34:49');
INSERT INTO pokemon_tipo VALUES(540,369,13,'2026-02-12 18:34:49');
INSERT INTO pokemon_tipo VALUES(541,370,3,'2026-02-12 18:34:49');
INSERT INTO pokemon_tipo VALUES(542,371,15,'2026-02-12 18:34:49');
INSERT INTO pokemon_tipo VALUES(543,372,15,'2026-02-12 18:34:49');
INSERT INTO pokemon_tipo VALUES(544,373,15,'2026-02-12 18:34:49');
INSERT INTO pokemon_tipo VALUES(545,373,10,'2026-02-12 18:34:49');
INSERT INTO pokemon_tipo VALUES(546,374,17,'2026-02-12 18:34:49');
INSERT INTO pokemon_tipo VALUES(547,374,11,'2026-02-12 18:34:49');
INSERT INTO pokemon_tipo VALUES(548,375,17,'2026-02-12 18:34:49');
INSERT INTO pokemon_tipo VALUES(549,375,11,'2026-02-12 18:34:49');
INSERT INTO pokemon_tipo VALUES(550,376,17,'2026-02-12 18:34:49');
INSERT INTO pokemon_tipo VALUES(551,376,11,'2026-02-12 18:34:49');
INSERT INTO pokemon_tipo VALUES(552,377,13,'2026-02-12 18:34:49');
INSERT INTO pokemon_tipo VALUES(553,378,6,'2026-02-12 18:34:49');
INSERT INTO pokemon_tipo VALUES(554,379,17,'2026-02-12 18:34:49');
INSERT INTO pokemon_tipo VALUES(555,380,15,'2026-02-12 18:34:49');
INSERT INTO pokemon_tipo VALUES(556,380,11,'2026-02-12 18:34:49');
INSERT INTO pokemon_tipo VALUES(557,381,15,'2026-02-12 18:34:49');
INSERT INTO pokemon_tipo VALUES(558,381,11,'2026-02-12 18:34:49');
INSERT INTO pokemon_tipo VALUES(559,382,3,'2026-02-12 18:34:49');
INSERT INTO pokemon_tipo VALUES(560,383,9,'2026-02-12 18:34:49');
INSERT INTO pokemon_tipo VALUES(561,384,15,'2026-02-12 18:34:49');
INSERT INTO pokemon_tipo VALUES(562,384,10,'2026-02-12 18:34:49');
INSERT INTO pokemon_tipo VALUES(563,385,17,'2026-02-12 18:34:49');
INSERT INTO pokemon_tipo VALUES(564,385,11,'2026-02-12 18:34:49');
INSERT INTO pokemon_tipo VALUES(565,386,11,'2026-02-12 18:34:49');
COMMIT;
